indicator_1,indicator_2,auc_1,auc_2,auc_diff,z_stat,p_value,n_common_obs
log_dtw_betti0,BVOL,0.6495848995848996,0.6245272078605411,0.025057691724358566,2.2328200481532527,0.025560813659118213,1853
log_dtw_betti0,BVOL,0.6495848995848996,0.6245272078605411,0.025057691724358566,2.2328200481532527,0.025560813659118213,1853
log_dtw_betti0,vol_wass_betti0,0.6495848995848996,0.6321391321391319,0.017445767445767757,1.9904184297026892,0.04654486138932517,1853
log_dtw_betti0,vol_dtw_betti0,0.6495848995848996,0.6416130582797248,0.00797184130517481,0.999967490814342,0.31732624066105464,1853
log_dtw_betti0,log_wass_betti0,0.6495848995848996,0.6460854794188127,0.003499420166086953,0.7696084582579215,0.44153218614847434,1853
